Model,oF1,Class_Acc,Class_F1,Class_Recall,Pixel_Dice,Pixel_IoU
unet_deepsup_512,0.38550924733527336,0.48977604673807207,0.3367088607594937,0.2413793103448276,0.07286035865021936,0.04922818222789223
