Model,oF1,Class_Acc,Class_F1,Class_Recall,Pixel_Dice,Pixel_IoU
segformer_b0_scratch_512,0.44086224080434666,0.5345666991236612,0.3557951482479784,0.2395644283121597,0.10990844725471369,0.07921528206383026
