Model,oF1,Class_Acc,Class_F1,Class_Recall,Pixel_Dice,Pixel_IoU
segformer_b2_capacity_512,0.6185862843248555,0.8169425511197663,0.8256029684601113,0.8076225045372051,0.5250927975024255,0.4406750140765074
