Model,oF1,Class_Acc,Class_F1,Class_Recall,Pixel_Dice,Pixel_IoU
unet_scratch_512,0.40018559430203327,0.5472249269717624,0.4574095682613769,0.35571687840290384,0.10371147929897748,0.07215684719691409
