Model,oF1,Class_Acc,Class_F1,Class_Recall,Pixel_Dice,Pixel_IoU
segformer_b0_dice_512,0.5046549714995262,0.7117818889970788,0.6903765690376569,0.5989110707803993,0.3077717019767802,0.22501245587282825
