Model,oF1,Class_Acc,Class_F1,Class_Recall,Pixel_Dice,Pixel_IoU
segformer_b2_512,0.5669105327491787,0.7351509250243428,0.6859122401847575,0.5390199637023594,0.290611175402709,0.2276827293304964
