Model,oF1,Class_Acc,Class_F1,Class_Recall,Pixel_Dice,Pixel_IoU
segformer_b0_baseline_512,0.5450505328764944,0.7400194741966893,0.729483282674772,0.6533575317604355,0.37664172234199567,0.2915662611007572
