Model,oF1,Class_Acc,Class_F1,Class_Recall,Pixel_Dice,Pixel_IoU
segformer_b2_capacity_512,0.6181359617230203,0.815968841285297,0.8211920529801324,0.7876588021778584,0.5032660168764133,0.4192724400333897
