Model,oF1,Class_Acc,Class_F1,Class_Recall,Pixel_Dice,Pixel_IoU
unet_baseline_512,0.4893808526555304,0.691333982473223,0.6852035749751738,0.6261343012704175,0.33432998636312244,0.24596641326572158
